hcpcs_code,APC
10005,5071
10007,5071
10009,5071
10011,5071
10021,5052
10030,5071
10035,5071
10040,5051
10060,5051
10061,5052
10080,5071
10081,5071
10120,5052
10121,5072
10140,5072
10160,5052
10180,5073
11000,5053
11010,5071
11011,5071
11012,5073
11042,5052
11043,5053
11044,5072
11055,5051
11056,5051
11057,5051
11102,5051
11104,5051
11106,5052
11200,5051
11300,5051
11301,5051
11302,5051
11303,5052
11305,5051
11306,5051
11307,5051
11308,5052
11310,5051
11311,5051
11312,5052
11313,5052
11400,5071
11401,5052
11402,5071
11403,5071
11404,5072
11406,5072
11420,5072
11421,5071
11422,5072
11423,5072
11424,5072
11426,5073
11440,5071
11441,5071
11442,5071
11443,5072
11444,5072
11446,5073
11450,5073
11451,5073
11462,5073
11463,5073
11470,5073
11471,5073
11600,5071
11601,5071
11602,5052
11603,5071
11604,5071
11606,5072
11620,5072
11621,5071
11622,5071
11623,5072
11624,5072
11626,5073
11640,5071
11641,5071
11642,5071
11643,5072
11644,5072
11646,5073
11719,5733
11720,5733
11721,5733
11730,5051
11740,5734
11750,5052
11755,5071
11760,5053
11762,5054
11765,5052
11770,5073
11771,5073
11772,5073
11900,5051
11901,5051
11920,5053
11921,5053
11950,5051
11951,5053
11952,5053
11954,5052
11960,5055
11970,5114
11971,5073
11976,5071
11980,5735
11981,5734
11982,5735
11983,5735
12001,5051
12002,5051
12004,5051
12005,5052
12006,5052
12007,5051
12011,5051
12013,5051
12014,5051
12015,5051
12016,5052
12017,5052
12018,5051
12020,5053
12021,5052
12031,5052
12032,5052
12034,5052
12035,5052
12036,5053
12037,5054
12041,5052
12042,5052
12044,5053
12045,5053
12046,5052
12047,5054
12051,5052
12052,5052
12053,5052
12054,5052
12055,5052
12056,5052
12057,5052
13100,5053
13101,5053
13120,5053
13121,5053
13131,5052
13132,5053
13151,5053
13152,5053
13160,5054
14000,5054
14001,5054
14020,5054
14021,5054
14040,5054
14041,5054
14060,5054
14061,5054
14301,5055
14350,5054
15002,5054
15004,5053
15040,5054
15050,5053
15100,5054
15110,5054
15115,5054
15120,5055
15130,5054
15135,5055
15150,5054
15155,5055
15200,5054
15220,5054
15240,5054
15260,5054
15271,5054
15273,5055
15275,5054
15277,5054
15570,5054
15572,5055
15574,5054
15576,5054
15600,5055
15610,5054
15620,5054
15630,5054
15650,5054
15730,5055
15731,5055
15733,5055
15734,5055
15736,5054
15738,5055
15740,5054
15750,5055
15760,5054
15769,5055
15770,5055
15771,5055
15773,5054
15775,5052
15776,5052
15780,5073
15781,5071
15782,5073
15783,5052
15786,5051
15788,5051
15789,5053
15792,5052
15793,5052
15819,5054
15820,5054
15821,5054
15822,5054
15823,5054
15824,5054
15825,5055
15826,5055
15828,5055
15829,5055
15830,5092
15832,5073
15833,5073
15834,5073
15835,5073
15836,5073
15837,5073
15838,5073
15839,5073
15840,5055
15841,5055
15842,5054
15845,5055
15850,5053
15851,5054
15852,5053
15860,5735
15876,5055
15877,5055
15878,5054
15879,5055
15920,5073
15922,5055
15931,5073
15933,5073
15934,5055
15935,5055
15936,5054
15937,5054
15940,5073
15941,5073
15944,5055
15945,5054
15946,5054
15950,5072
15951,5073
15952,5054
15953,5055
15956,5054
15958,5055
15999,5071
16000,5051
16020,5051
16025,5051
16030,5052
16035,5052
17000,5051
17004,5052
17106,5052
17107,5053
17108,5054
17110,5051
17111,5051
17250,5051
17260,5051
17261,5051
17262,5051
17263,5051
17264,5052
17266,5052
17270,5051
17271,5051
17272,5051
17273,5052
17274,5052
17276,5052
17280,5051
17281,5052
17282,5052
17283,5052
17284,5053
17286,5053
17311,5053
17313,5053
17340,5732
17360,5051
17380,5053
17999,5051
19000,5071
19020,5072
19081,5072
19083,5072
19085,5072
19100,5072
19101,5091
19105,5091
19110,5091
19112,5091
19120,5091
19125,5091
19281,5071
19283,5071
19285,5071
19287,5071
19296,5093
19298,5092
19300,5091
19301,5091
19302,5092
19303,5092
19307,5092
19316,5092
19318,5092
19324,5093
19325,5093
19328,5091
19330,5091
19340,5092
19342,5093
19350,5091
19355,5091
19357,5094
19366,5092
19370,5091
19371,5091
19380,5092
19396,5091
19499,5091
20100,5162
20101,5054
20102,5054
20103,5071
20150,5113
20200,5072
20205,5073
20206,5072
20220,5072
20225,5072
20240,5073
20245,5073
20250,5113
20251,5114
20500,5163
20520,5072
20525,5073
20526,5441
20527,5441
20550,5441
20551,5441
20552,5441
20553,5441
20555,5113
20600,5441
20604,5441
20605,5441
20606,5442
20610,5441
20611,5441
20612,5441
20615,5071
20650,5113
20660,5112
20662,5112
20663,5113
20665,5735
20670,5072
20680,5073
20690,5114
20692,5115
20693,5114
20694,5112
20696,5116
20697,5112
20822,5112
20900,5114
20902,5114
20910,5053
20912,5055
20920,5054
20922,5054
20924,5114
20950,5071
20972,5114
20973,5114
20979,5731
20982,5114
20983,5114
20999,5111
21010,5164
21011,5072
21012,5072
21013,5072
21014,5073
21015,5073
21016,5073
21025,5165
21026,5165
21029,5164
21030,5165
21031,5164
21032,5164
21034,5165
21040,5164
21044,5165
21046,5165
21047,5165
21048,5165
21049,5165
21050,5165
21060,5165
21070,5165
21073,5163
21076,5163
21077,5165
21079,5164
21080,5164
21081,5165
21082,5164
21083,5164
21084,5164
21085,5161
21086,5164
21087,5165
21088,5164
21089,5161
21100,5165
21110,5163
21120,5165
21121,5164
21122,5165
21123,5164
21125,5165
21127,5165
21137,5164
21138,5165
21139,5165
21150,5165
21172,5165
21175,5165
21181,5165
21193,5165
21195,5165
21198,5165
21199,5165
21206,5165
21208,5165
21209,5165
21210,5165
21215,5165
21230,5165
21235,5165
21240,5165
21242,5165
21243,5116
21244,5165
21245,5165
21246,5165
21248,5165
21249,5165
21256,5165
21260,5165
21261,5165
21263,5165
21267,5165
21270,5165
21275,5165
21280,5164
21282,5164
21295,5163
21296,5164
21299,5161
21310,5111
21315,5163
21320,5164
21325,5164
21330,5165
21335,5164
21336,5113
21337,5164
21338,5165
21339,5165
21340,5164
21345,5163
21346,5165
21355,5164
21356,5165
21360,5165
21365,5165
21385,5165
21386,5165
21387,5165
21390,5165
21395,5165
21400,5162
21401,5163
21406,5165
21407,5165
21408,5165
21421,5164
21440,5164
21445,5165
21450,5162
21451,5163
21452,5165
21453,5165
21454,5165
21461,5165
21462,5165
21465,5165
21470,5165
21480,5111
21485,5163
21490,5164
21497,5163
21499,5161
21501,5073
21502,5113
21550,5072
21552,5073
21554,5073
21555,5072
21556,5073
21557,5073
21558,5073
21600,5114
21601,5073
21610,5113
21685,5165
21700,5114
21720,5113
21725,5071
21742,5113
21743,5113
21811,5114
21812,5114
21813,5112
21820,5111
21899,5161
21920,5072
21925,5072
21930,5072
21931,5072
21932,5073
21933,5073
21935,5073
21936,5073
22100,5114
22101,5114
22102,5114
22310,5111
22315,5113
22505,5112
22510,5113
22511,5113
22513,5114
22514,5114
22551,5115
22554,5115
22612,5115
22633,5115
22856,5116
22867,5116
22869,5115
22899,5111
22900,5073
22901,5073
22902,5072
22903,5073
22904,5073
22905,5073
22999,5111
23000,5073
23020,5113
23030,5073
23031,5073
23035,5112
23040,5113
23044,5113
23065,5072
23066,5073
23071,5072
23073,5073
23075,5072
23076,5073
23077,5073
23078,5073
23100,5113
23101,5113
23105,5114
23106,5113
23107,5114
23120,5113
23125,5113
23130,5113
23140,5113
23145,5113
23146,5114
23150,5113
23155,5114
23156,5114
23170,5113
23172,5113
23174,5114
23180,5114
23182,5114
23184,5114
23190,5113
23195,5114
23330,5071
23333,5073
23334,5073
23395,5114
23397,5114
23400,5114
23405,5114
23406,5114
23410,5114
23412,5114
23415,5114
23420,5114
23430,5114
23440,5114
23450,5114
23455,5114
23460,5114
23462,5114
23465,5114
23466,5114
23470,5115
23473,5115
23480,5114
23485,5115
23490,5114
23491,5115
23500,5111
23505,5112
23515,5114
23520,5112
23525,5111
23530,5114
23532,5114
23540,5111
23545,5111
23550,5114
23552,5114
23570,5111
23575,5112
23585,5114
23600,5111
23605,5112
23615,5115
23616,5116
23620,5111
23625,5112
23630,5114
23650,5111
23655,5112
23660,5114
23665,5112
23670,5114
23675,5112
23680,5115
23700,5112
23800,5114
23802,5115
23921,5054
23929,5111
23930,5073
23931,5072
23935,5113
24000,5113
24006,5113
24065,5072
24066,5073
24071,5073
24073,5073
24075,5072
24076,5073
24077,5073
24079,5073
24100,5113
24101,5113
24102,5113
24105,5113
24110,5113
24115,5114
24116,5114
24120,5113
24125,5113
24126,5114
24130,5113
24134,5114
24136,5113
24138,5114
24140,5113
24145,5114
24147,5113
24149,5114
24150,5114
24152,5114
24155,5113
24160,5113
24164,5113
24200,5072
24201,5073
24300,5112
24301,5114
24305,5113
24310,5113
24320,5114
24330,5114
24331,5114
24332,5113
24340,5114
24341,5114
24342,5114
24343,5113
24344,5114
24345,5114
24346,5115
24357,5113
24358,5113
24359,5113
24360,5114
24361,5116
24362,5115
24363,5116
24365,5115
24366,5115
24370,5115
24371,5116
24400,5114
24410,5115
24420,5114
24430,5115
24435,5115
24470,5113
24495,5114
24498,5115
24500,5111
24505,5112
24515,5115
24516,5115
24530,5111
24535,5112
24538,5114
24545,5115
24546,5116
24560,5111
24565,5112
24566,5112
24575,5115
24576,5111
24577,5112
24579,5115
24582,5114
24586,5115
24587,5115
24600,5111
24605,5112
24615,5114
24620,5112
24635,5114
24640,5111
24650,5111
24655,5112
24665,5114
24666,5115
24670,5111
24675,5112
24685,5114
24800,5114
24802,5115
24925,5113
24935,5114
24999,5111
25000,5112
25001,5113
25020,5112
25023,5113
25024,5113
25025,5112
25028,5113
25031,5112
25035,5114
25040,5113
25065,5072
25066,5073
25071,5072
25073,5073
25075,5072
25076,5072
25077,5073
25078,5073
25085,5113
25100,5113
25101,5113
25105,5113
25107,5113
25109,5113
25110,5112
25111,5112
25112,5112
25115,5112
25116,5113
25118,5112
25119,5113
25120,5113
25125,5112
25126,5113
25130,5113
25135,5114
25136,5114
25145,5113
25150,5113
25151,5113
25170,5114
25210,5113
25215,5113
25230,5113
25240,5113
25248,5112
25250,5112
25251,5113
25259,5112
25260,5113
25263,5114
25265,5113
25270,5113
25272,5113
25274,5113
25275,5113
25280,5113
25290,5113
25295,5113
25300,5113
25301,5113
25310,5113
25312,5113
25315,5114
25316,5114
25320,5114
25332,5113
25335,5113
25337,5114
25350,5114
25355,5113
25360,5114
25365,5115
25370,5113
25375,5113
25390,5114
25391,5115
25392,5114
25393,5114
25394,5113
25400,5114
25405,5114
25415,5114
25420,5114
25425,5114
25426,5113
25430,5113
25431,5114
25440,5114
25441,5115
25442,5116
25443,5114
25444,5115
25445,5114
25446,5116
25447,5113
25449,5114
25450,5113
25455,5113
25490,5114
25491,5115
25492,5113
25500,5111
25505,5112
25515,5114
25520,5112
25525,5114
25526,5114
25530,5111
25535,5111
25545,5114
25560,5111
25565,5112
25574,5114
25575,5114
25600,5111
25605,5112
25606,5113
25607,5114
25608,5114
25609,5114
25622,5111
25624,5112
25628,5114
25630,5111
25635,5112
25645,5113
25650,5111
25651,5113
25652,5114
25660,5111
25670,5114
25671,5113
25675,5111
25676,5114
25680,5111
25685,5114
25690,5112
25695,5114
25800,5114
25805,5114
25810,5115
25820,5114
25825,5114
25830,5114
25907,5113
25909,5114
25922,5112
25929,5054
25931,5113
25999,5111
26010,5051
26011,5072
26020,5113
26025,5113
26030,5113
26034,5112
26035,5113
26037,5113
26040,5112
26045,5113
26055,5112
26060,5112
26070,5112
26075,5113
26080,5112
26100,5113
26105,5113
26110,5112
26111,5072
26113,5072
26115,5072
26116,5072
26117,5073
26118,5073
26121,5113
26123,5113
26130,5113
26135,5113
26140,5112
26145,5112
26160,5112
26170,5112
26180,5112
26185,5112
26200,5112
26205,5114
26210,5112
26215,5113
26230,5113
26235,5112
26236,5112
26250,5113
26260,5113
26262,5112
26320,5072
26340,5112
26341,5111
26350,5113
26352,5114
26356,5113
26357,5113
26358,5114
26370,5113
26372,5114
26373,5113
26390,5114
26392,5114
26410,5112
26412,5113
26415,5113
26416,5113
26418,5112
26420,5113
26426,5113
26428,5113
26432,5112
26433,5113
26434,5113
26437,5113
26440,5112
26442,5113
26445,5113
26449,5113
26450,5113
26455,5112
26460,5112
26471,5113
26474,5112
26476,5113
26477,5113
26478,5113
26479,5113
26480,5113
26483,5113
26485,5113
26489,5113
26490,5113
26492,5113
26494,5113
26496,5113
26497,5113
26498,5113
26499,5113
26500,5114
26502,5113
26508,5113
26510,5113
26516,5113
26517,5113
26518,5114
26520,5113
26525,5112
26530,5114
26531,5114
26535,5113
26536,5114
26540,5113
26541,5113
26542,5113
26545,5113
26546,5114
26548,5113
26550,5113
26555,5114
26560,5112
26561,5113
26562,5113
26565,5113
26567,5113
26568,5114
26580,5113
26587,5113
26590,5112
26591,5113
26593,5113
26596,5113
26600,5111
26605,5111
26607,5113
26608,5113
26615,5113
26641,5111
26645,5112
26650,5113
26665,5113
26670,5111
26675,5112
26676,5113
26685,5113
26686,5113
26700,5111
26705,5112
26706,5113
26715,5113
26720,5111
26725,5111
26727,5113
26735,5113
26740,5111
26742,5112
26746,5113
26750,5111
26755,5111
26756,5113
26765,5113
26770,5111
26775,5102
26776,5113
26785,5113
26820,5114
26841,5114
26842,5114
26843,5114
26844,5114
26850,5114
26852,5114
26860,5113
26862,5113
26910,5113
26951,5113
26952,5113
26989,5111
26990,5113
26991,5112
27000,5112
27001,5113
27003,5114
27006,5113
27027,5114
27033,5114
27035,5113
27040,5072
27041,5072
27043,5073
27045,5073
27047,5073
27048,5073
27049,5073
27050,5112
27052,5112
27057,5112
27059,5073
27060,5114
27062,5113
27065,5114
27066,5113
27067,5114
27080,5113
27086,5073
27087,5113
27097,5113
27098,5113
27100,5114
27105,5113
27110,5114
27111,5113
27130,5115
27179,5114
27197,5111
27198,5111
27200,5111
27202,5113
27220,5111
27230,5111
27235,5114
27238,5112
27246,5111
27250,5111
27252,5112
27256,5111
27257,5112
27265,5111
27266,5112
27267,5113
27275,5112
27279,5116
27299,5111
27301,5073
27305,5113
27306,5113
27307,5113
27310,5113
27323,5072
27324,5073
27325,5431
27326,5431
27327,5072
27328,5073
27329,5073
27330,5113
27331,5113
27332,5113
27333,5113
27334,5113
27335,5114
27337,5073
27339,5073
27340,5113
27345,5113
27347,5113
27350,5114
27355,5113
27356,5115
27357,5114
27360,5113
27364,5073
27372,5073
27380,5114
27381,5114
27385,5114
27386,5114
27390,5113
27391,5113
27392,5113
27393,5114
27394,5114
27395,5113
27396,5114
27397,5114
27400,5114
27403,5114
27405,5114
27407,5114
27409,5114
27412,5114
27415,5115
27416,5114
27418,5114
27420,5114
27422,5114
27424,5114
27425,5113
27427,5114
27428,5115
27429,5115
27430,5114
27435,5113
27437,5114
27438,5115
27440,5115
27441,5115
27442,5115
27443,5115
27446,5115
27447,5115
27475,5114
27477,5114
27479,5114
27485,5114
27496,5113
27497,5113
27498,5112
27499,5114
27500,5111
27501,5111
27502,5112
27503,5112
27508,5111
27509,5114
27510,5112
27516,5111
27517,5112
27520,5111
27524,5114
27530,5111
27532,5113
27538,5111
27550,5111
27552,5112
27560,5111
27562,5111
27566,5114
27570,5112
27594,5113
27599,5111
27600,5113
27601,5113
27602,5113
27603,5073
27604,5113
27605,5112
27606,5113
27607,5113
27610,5113
27612,5113
27613,5072
27614,5073
27615,5073
27616,5073
27618,5072
27619,5073
27620,5113
27625,5113
27626,5113
27630,5113
27632,5073
27634,5073
27635,5113
27637,5114
27638,5114
27640,5113
27641,5113
27647,5113
27650,5114
27652,5114
27654,5114
27656,5113
27658,5113
27659,5114
27664,5114
27665,5114
27675,5113
27676,5114
27680,5113
27681,5113
27685,5113
27686,5113
27687,5113
27690,5114
27691,5114
27695,5114
27696,5114
27698,5114
27700,5114
27704,5113
27705,5114
27707,5113
27709,5115
27720,5114
27722,5114
27726,5114
27730,5113
27732,5113
27734,5113
27740,5113
27742,5113
27745,5114
27750,5111
27752,5112
27756,5114
27758,5115
27759,5115
27760,5111
27762,5112
27766,5114
27767,5111
27768,5112
27769,5114
27780,5111
27781,5112
27784,5114
27786,5111
27788,5111
27792,5114
27808,5111
27810,5112
27814,5114
27816,5111
27818,5112
27822,5114
27823,5114
27824,5111
27825,5112
27826,5114
27827,5115
27828,5115
27829,5114
27830,5111
27831,5113
27832,5114
27840,5111
27842,5112
27846,5114
27848,5114
27860,5113
27870,5115
27871,5115
27884,5113
27889,5114
27892,5113
27893,5114
27894,5113
27899,5111
28001,5072
28002,5112
28003,5113
28005,5113
28008,5113
28010,5112
28011,5112
28020,5113
28022,5113
28024,5112
28035,5431
28039,5073
28041,5073
28043,5072
28045,5073
28046,5073
28047,5073
28050,5113
28052,5113
28054,5113
28055,5431
28060,5113
28062,5113
28070,5114
28072,5113
28080,5112
28086,5113
28088,5113
28090,5112
28092,5112
28100,5113
28102,5114
28103,5114
28104,5113
28106,5114
28107,5114
28108,5112
28110,5113
28111,5113
28112,5113
28113,5113
28114,5113
28116,5113
28118,5113
28119,5113
28120,5113
28122,5113
28124,5113
28126,5113
28130,5114
28140,5113
28150,5113
28153,5113
28160,5113
28171,5113
28173,5113
28175,5112
28190,5071
28192,5072
28193,5072
28200,5113
28202,5114
28208,5113
28210,5114
28220,5112
28222,5113
28225,5113
28226,5113
28230,5112
28232,5112
28234,5112
28238,5114
28240,5113
28250,5113
28260,5113
28261,5112
28262,5114
28264,5112
28270,5113
28272,5112
28280,5113
28285,5113
28286,5113
28288,5113
28289,5113
28291,5114
28292,5113
28295,5113
28296,5113
28297,5114
28298,5114
28299,5114
28300,5114
28302,5114
28304,5114
28305,5114
28306,5114
28307,5114
28308,5113
28309,5114
28310,5114
28312,5113
28313,5113
28315,5113
28320,5115
28322,5114
28340,5113
28341,5113
28344,5113
28345,5112
28360,5114
28400,5111
28405,5111
28406,5114
28415,5114
28420,5115
28430,5111
28435,5112
28436,5114
28445,5114
28446,5114
28450,5111
28455,5112
28456,5114
28465,5114
28470,5111
28475,5111
28476,5113
28485,5114
28490,5111
28495,5111
28496,5113
28505,5113
28510,5111
28515,5111
28525,5113
28530,5111
28531,5114
28540,5111
28545,5113
28546,5112
28555,5114
28570,5111
28575,5113
28576,5114
28585,5114
28600,5111
28605,5111
28606,5113
28615,5114
28630,5111
28635,5112
28636,5113
28645,5113
28660,5111
28665,5102
28666,5113
28675,5113
28705,5116
28715,5115
28725,5115
28730,5115
28735,5115
28737,5115
28740,5114
28750,5114
28755,5114
28760,5114
28805,5113
28810,5113
28820,5113
28825,5113
28890,5112
28899,5111
29000,5102
29010,5102
29015,5102
29035,5102
29040,5102
29044,5101
29046,5102
29049,5102
29055,5102
29058,5102
29065,5102
29075,5102
29085,5101
29086,5101
29105,5101
29125,5734
29126,5734
29130,5733
29131,5733
29200,5101
29240,5734
29260,5732
29280,5732
29305,5102
29325,5102
29345,5102
29355,5102
29358,5102
29365,5102
29405,5102
29425,5102
29435,5102
29440,5101
29445,5102
29450,5101
29505,5101
29515,5101
29520,5733
29530,5734
29540,5101
29550,5733
29580,5101
29581,5101
29584,5101
29700,5102
29705,5102
29710,5102
29720,5101
29730,5101
29740,5102
29750,5102
29799,5101
29800,5113
29804,5113
29805,5113
29806,5114
29807,5114
29819,5113
29820,5114
29821,5113
29822,5113
29823,5113
29824,5113
29825,5113
29827,5114
29828,5114
29830,5113
29834,5113
29835,5113
29836,5114
29837,5113
29838,5113
29840,5113
29843,5113
29844,5113
29845,5113
29846,5113
29847,5114
29848,5112
29850,5112
29851,5112
29855,5114
29856,5115
29860,5114
29861,5114
29862,5114
29863,5113
29866,5114
29867,5115
29868,5114
29870,5113
29871,5113
29873,5113
29874,5113
29875,5113
29876,5113
29877,5113
29879,5113
29880,5113
29881,5113
29882,5113
29883,5113
29884,5113
29885,5114
29886,5113
29887,5114
29888,5114
29889,5115
29891,5113
29892,5114
29893,5113
29894,5113
29895,5113
29897,5113
29898,5113
29899,5114
29900,5113
29901,5113
29902,5112
29904,5113
29905,5114
29906,5113
29907,5115
29914,5114
29915,5114
29916,5114
29999,5111
30000,5161
30020,5162
30100,5163
30110,5163
30115,5164
30117,5164
30118,5164
30120,5164
30124,5163
30125,5165
30130,5164
30140,5164
30150,5165
30160,5165
30200,5162
30210,5163
30220,5163
30300,5734
30310,5164
30320,5163
30400,5165
30410,5165
30420,5165
30430,5165
30435,5165
30450,5165
30460,5165
30462,5165
30465,5165
30520,5164
30540,5165
30545,5165
30560,5162
30580,5165
30600,5165
30620,5165
30630,5164
30801,5163
30802,5163
30901,5734
30903,5734
30905,5734
30906,5161
30915,5183
30920,5183
30930,5164
30999,5161
31000,5161
31002,5163
31020,5164
31030,5165
31032,5165
31040,5165
31050,5165
31051,5165
31070,5165
31075,5165
31080,5165
31081,5165
31084,5165
31085,5165
31086,5165
31087,5165
31090,5165
31200,5165
31201,5163
31205,5164
31231,5151
31233,5152
31235,5153
31237,5153
31238,5153
31239,5154
31240,5153
31241,5153
31253,5155
31254,5155
31255,5155
31256,5154
31257,5155
31259,5155
31267,5155
31276,5155
31287,5155
31288,5155
31292,5155
31293,5155
31294,5155
31295,5155
31296,5155
31297,5155
31298,5155
31299,5161
31300,5164
31400,5165
31420,5165
31500,5161
31502,5161
31505,5151
31510,5154
31511,5151
31512,5154
31513,5152
31515,5152
31520,5152
31525,5153
31526,5153
31527,5154
31528,5154
31529,5154
31530,5153
31531,5154
31535,5154
31536,5154
31540,5154
31541,5154
31545,5154
31546,5155
31551,5165
31552,5165
31553,5165
31554,5165
31560,5155
31561,5155
31570,5154
31571,5154
31572,5154
31573,5153
31574,5153
31575,5151
31576,5153
31577,5152
31578,5154
31579,5152
31580,5165
31584,5165
31587,5165
31590,5165
31591,5165
31592,5165
31599,5161
31600,5164
31601,5165
31603,5163
31605,5161
31610,5165
31611,5164
31612,5164
31613,5164
31614,5165
31615,5162
31622,5153
31623,5153
31624,5153
31625,5153
31626,5155
31628,5154
31629,5154
31630,5154
31631,5155
31634,5155
31635,5153
31636,5155
31638,5155
31640,5154
31641,5154
31643,5153
31645,5153
31646,5152
31647,5155
31648,5154
31649,5153
31652,5154
31653,5154
31660,5155
31661,5155
31717,5152
31720,5791
31730,5153
31750,5165
31755,5165
31785,5165
31820,5164
31825,5164
31830,5164
31899,5151
32400,5072
32405,5072
32550,5341
32551,5182
32552,5181
32553,5613
32554,5181
32555,5181
32556,5302
32557,5182
32560,5181
32561,5181
32562,5181
32601,5361
32604,5361
32606,5361
32607,5361
32608,5361
32609,5361
32960,5181
32994,5361
32998,5361
32999,5181
33016,5182
33206,5223
33207,5223
33208,5223
33210,5222
33211,5222
33212,5222
33213,5223
33214,5223
33215,5183
33216,5222
33217,5222
33218,5221
33220,5221
33221,5224
33222,5054
33223,5054
33224,5223
33226,5183
33227,5222
33228,5223
33229,5224
33230,5231
33231,5232
33233,5222
33234,5221
33235,5221
33240,5231
33241,5221
33244,5221
33249,5232
33262,5231
33263,5231
33264,5232
33270,5232
33271,5222
33272,5221
33273,5221
33274,5194
33275,5183
33285,5222
33286,5071
33289,5200
33999,5181
34101,5184
34111,5184
34201,5184
34203,5184
34421,5183
34471,5181
34490,5183
34501,5184
34510,5184
34520,5184
34530,5183
35011,5184
35045,5184
35180,5181
35184,5183
35188,5184
35190,5184
35201,5184
35206,5183
35207,5183
35226,5071
35231,5183
35236,5184
35256,5184
35261,5183
35266,5184
35286,5184
35321,5184
35860,5183
35875,5184
35876,5184
35879,5184
35881,5184
35883,5184
35884,5184
35903,5183
36002,5181
36221,5183
36222,5183
36223,5184
36224,5184
36225,5183
36226,5184
36251,5183
36252,5183
36253,5184
36254,5183
36260,5184
36261,5221
36262,5221
36420,5733
36425,5735
36430,5241
36440,5241
36450,5241
36455,5241
36456,5241
36460,5241
36465,5054
36466,5054
36468,5051
36470,5052
36471,5052
36473,5183
36475,5183
36478,5183
36482,5184
36511,5242
36512,5242
36513,5241
36514,5242
36516,5243
36522,5243
36555,5182
36556,5182
36557,5184
36558,5183
36560,5183
36561,5183
36563,5184
36565,5183
36566,5184
36568,5181
36569,5182
36570,5183
36571,5183
36572,5181
36573,5182
36575,5181
36576,5182
36578,5183
36580,5182
36581,5183
36582,5183
36583,5184
36584,5182
36585,5183
36589,5181
36590,5181
36591,5734
36592,5734
36593,5694
36595,5183
36596,5182
36597,5182
36598,5693
36600,5734
36640,5183
36680,5735
36800,5184
36810,5183
36815,5184
36818,5184
36819,5184
36820,5184
36821,5183
36825,5184
36830,5184
36831,5184
36832,5184
36833,5184
36835,5183
36838,5184
36860,5181
36861,5184
36901,5182
36902,5192
36903,5193
36904,5192
36905,5193
36906,5194
37183,5192
37184,5193
37187,5192
37188,5183
37191,5184
37192,5183
37193,5183
37195,5694
37197,5183
37200,5184
37211,5184
37212,5183
37213,5182
37214,5182
37220,5192
37221,5193
37224,5192
37225,5193
37226,5193
37227,5194
37228,5193
37229,5194
37230,5194
37231,5194
37236,5193
37238,5193
37241,5193
37242,5193
37243,5193
37244,5193
37246,5192
37248,5192
37500,5184
37501,5181
37565,5182
37600,5183
37605,5183
37606,5183
37607,5183
37609,5072
37615,5182
37619,5184
37650,5183
37700,5183
37718,5183
37722,5183
37735,5183
37760,5183
37761,5182
37765,5183
37766,5183
37780,5182
37785,5183
37790,5374
37799,5181
38120,5362
38129,5361
38206,5242
38207,5241
38208,5241
38209,5241
38210,5241
38211,5241
38212,5241
38213,5241
38214,5241
38215,5241
38220,5072
38221,5072
38222,5073
38230,5242
38232,5243
38240,5244
38241,5242
38242,5242
38243,5242
38300,5073
38305,5073
38308,5091
38500,5091
38505,5072
38510,5091
38520,5091
38525,5091
38530,5091
38531,5091
38542,5361
38550,5091
38555,5092
38570,5361
38571,5362
38572,5362
38573,5362
38589,5361
38700,5092
38720,5093
38740,5361
38745,5361
38760,5092
38792,5591
38999,5241
39401,5361
39402,5361
40490,5161
40500,5164
40510,5164
40520,5164
40525,5164
40527,5165
40530,5164
40650,5162
40652,5162
40654,5163
40700,5165
40701,5165
40702,5165
40720,5164
40761,5165
40799,5161
40800,5071
40801,5162
40804,5301
40805,5162
40806,5162
40808,5162
40810,5164
40812,5163
40814,5164
40816,5164
40818,5162
40819,5163
40820,5164
40830,5161
40831,5162
40840,5165
40842,5165
40843,5165
40844,5165
40845,5165
40899,5161
41000,5162
41005,5161
41006,5163
41007,5163
41008,5164
41009,5162
41010,5163
41015,5162
41016,5165
41017,5164
41018,5163
41019,5165
41100,5162
41105,5164
41108,5072
41110,5164
41112,5164
41113,5164
41114,5164
41115,5163
41116,5164
41120,5165
41250,5734
41251,5161
41252,5161
41510,5164
41512,5165
41520,5164
41530,5164
41599,5161
41800,5734
41805,5163
41806,5163
41820,5164
41821,5163
41822,5163
41823,5165
41825,5164
41826,5164
41827,5165
41828,5163
41830,5164
41850,5163
41870,5163
41872,5164
41874,5164
41899,5161
42000,5161
42100,5163
42104,5164
42106,5164
42107,5165
42120,5165
42140,5164
42145,5165
42160,5164
42180,5162
42182,5165
42200,5165
42205,5164
42210,5165
42215,5165
42220,5165
42225,5165
42226,5165
42227,5165
42235,5165
42260,5165
42280,5162
42281,5165
42299,5161
42300,5163
42305,5164
42310,5162
42320,5162
42330,5164
42335,5164
42340,5164
42400,5071
42405,5163
42408,5164
42409,5164
42410,5165
42415,5165
42420,5165
42425,5165
42440,5165
42450,5165
42500,5165
42505,5165
42507,5165
42509,5165
42510,5164
42600,5164
42650,5163
42660,5162
42665,5164
42699,5161
42700,5161
42720,5164
42725,5165
42800,5163
42804,5164
42806,5164
42808,5164
42809,5735
42810,5164
42815,5165
42820,5165
42821,5164
42825,5165
42826,5164
42830,5164
42831,5164
42835,5164
42836,5164
42842,5165
42844,5165
42860,5164
42870,5165
42890,5165
42892,5165
42900,5163
42950,5165
42955,5163
42960,5162
42962,5164
42970,5161
42972,5164
42999,5161
43020,5163
43030,5165
43130,5165
43180,5165
43191,5302
43192,5302
43193,5302
43194,5302
43195,5303
43196,5303
43197,5301
43198,5301
43200,5301
43201,5302
43202,5302
43204,5302
43205,5302
43206,5302
43210,5362
43211,5302
43212,5331
43213,5302
43214,5302
43215,5302
43216,5302
43217,5302
43220,5302
43226,5302
43227,5302
43229,5303
43231,5302
43232,5302
43233,5302
43235,5301
43236,5301
43237,5302
43238,5302
43239,5301
43240,5303
43241,5302
43242,5302
43243,5302
43244,5302
43245,5302
43246,5302
43247,5301
43248,5301
43249,5302
43250,5302
43251,5302
43252,5303
43253,5302
43254,5302
43255,5302
43257,5303
43259,5302
43260,5303
43261,5303
43262,5303
43263,5303
43264,5303
43265,5331
43266,5331
43270,5302
43274,5331
43275,5303
43276,5331
43277,5303
43278,5303
43280,5362
43281,5362
43282,5362
43284,5362
43285,5361
43289,5361
43420,5164
43450,5301
43453,5302
43499,5301
43510,5301
43647,5462
43648,5361
43651,5361
43652,5361
43653,5361
43659,5361
43752,5735
43753,5722
43754,5722
43755,5721
43756,5301
43757,5301
43761,5371
43762,5371
43763,5371
43770,5362
43772,5303
43773,5361
43774,5303
43830,5302
43831,5301
43870,5303
43886,5055
43887,5054
43888,5055
43999,5301
44100,5301
44180,5361
44186,5361
44238,5361
44312,5055
44340,5055
44360,5302
44361,5302
44363,5302
44364,5302
44365,5302
44366,5302
44369,5302
44370,5331
44372,5302
44373,5302
44376,5302
44377,5302
44378,5302
44379,5331
44380,5301
44381,5302
44382,5301
44384,5303
44385,5311
44386,5311
44388,5311
44389,5312
44390,5311
44391,5312
44392,5312
44394,5312
44401,5312
44402,5331
44403,5312
44404,5312
44405,5312
44406,5312
44407,5312
44408,5311
44500,5301
44799,5301
44950,5341
44970,5361
44979,5361
45000,5312
45005,5312
45020,5313
45100,5313
45108,5313
45150,5312
45160,5313
45171,5313
45172,5313
45190,5313
45300,5311
45303,5312
45305,5312
45307,5313
45308,5313
45309,5312
45315,5312
45317,5312
45320,5313
45321,5313
45327,5331
45330,5311
45331,5311
45332,5312
45333,5311
45334,5312
45335,5311
45337,5311
45338,5312
45340,5312
45341,5311
45342,5312
45346,5312
45347,5331
45349,5313
45350,5312
45378,5311
45379,5312
45380,5312
45381,5312
45382,5312
45384,5312
45385,5312
45386,5312
45388,5312
45389,5331
45390,5313
45391,5312
45392,5312
45393,5312
45398,5312
45399,5311
45499,5361
45500,5313
45505,5313
45520,5311
45541,5313
45560,5313
45900,5311
45905,5312
45910,5312
45915,5312
45990,5313
45999,5311
46020,5313
46030,5312
46040,5312
46045,5313
46050,5311
46060,5313
46070,5313
46080,5313
46083,5371
46200,5313
46220,5312
46221,5311
46230,5313
46250,5313
46255,5313
46257,5313
46258,5313
46260,5313
46261,5313
46262,5313
46270,5313
46275,5313
46280,5313
46285,5313
46288,5313
46320,5312
46500,5311
46505,5312
46600,5734
46601,5734
46604,5312
46606,5312
46607,5312
46608,5311
46610,5313
46611,5311
46612,5313
46614,5312
46615,5313
46700,5313
46706,5313
46707,5313
46750,5313
46753,5313
46754,5313
46760,5313
46761,5313
46900,5052
46910,5054
46916,5051
46917,5313
46922,5313
46924,5313
46930,5312
46940,5313
46942,5311
46945,5313
46946,5313
46947,5313
46948,5313
46999,5311
47000,5072
47370,5362
47371,5362
47379,5361
47382,5361
47383,5361
47399,5071
47490,5341
47531,5341
47532,5341
47533,5341
47534,5341
47535,5341
47536,5341
47537,5301
47538,5361
47539,5361
47540,5361
47541,5341
47552,5341
47553,5341
47554,5361
47555,5341
47556,5361
47562,5361
47563,5361
47564,5361
47579,5361
47999,5301
48102,5072
48999,5071
49082,5301
49083,5301
49084,5301
49180,5072
49185,5071
49250,5341
49320,5361
49321,5361
49322,5361
49323,5361
49324,5361
49325,5361
49329,5361
49402,5341
49405,5072
49406,5072
49407,5072
49411,5613
49418,5341
49419,5184
49421,5341
49422,5183
49423,5302
49426,5341
49429,5183
49436,5302
49440,5302
49441,5302
49442,5312
49446,5302
49450,5301
49451,5301
49452,5301
49460,5301
49465,5523
49491,5361
49492,5341
49495,5341
49496,5341
49500,5341
49501,5341
49505,5341
49507,5341
49520,5341
49521,5341
49525,5341
49540,5361
49550,5341
49553,5341
49555,5341
49557,5341
49560,5341
49561,5341
49565,5361
49566,5361
49570,5341
49572,5341
49580,5341
49582,5341
49585,5341
49587,5341
49590,5341
49600,5341
49650,5361
49651,5361
49652,5361
49653,5361
49654,5362
49655,5362
49656,5362
49657,5362
49659,5361
49999,5301
50020,5373
50080,5376
50081,5376
50200,5072
50382,5373
50384,5373
50385,5373
50386,5373
50387,5373
50389,5372
50390,5071
50391,5371
50396,5372
50430,5372
50431,5372
50432,5373
50433,5374
50434,5373
50435,5373
50436,5373
50437,5374
50541,5361
50542,5362
50543,5362
50544,5362
50549,5361
50551,5375
50553,5375
50555,5376
50557,5376
50561,5375
50562,5376
50570,5374
50572,5372
50574,5373
50575,5375
50576,5375
50580,5375
50590,5374
50592,5361
50593,5362
50686,5721
50688,5373
50693,5374
50694,5374
50695,5374
50727,5374
50945,5361
50947,5361
50948,5362
50949,5361
50951,5374
50953,5374
50955,5375
50957,5375
50961,5375
50970,5374
50972,5374
50974,5375
50976,5375
50980,5375
51020,5374
51030,5374
51040,5373
51045,5373
51050,5375
51060,5373
51065,5374
51080,5073
51100,5371
51101,5724
51102,5373
51500,5361
51520,5374
51535,5374
51700,5371
51701,5734
51702,5734
51703,5721
51705,5371
51710,5372
51715,5374
51720,5371
51725,5371
51726,5371
51727,5372
51728,5372
51729,5372
51736,5734
51741,5721
51784,5721
51785,5371
51792,5733
51798,5733
51845,5415
51860,5375
51880,5374
51990,5361
51992,5361
51999,5361
52000,5372
52001,5374
52005,5373
52007,5374
52010,5372
52204,5373
52214,5373
52224,5373
52234,5374
52235,5374
52240,5375
52250,5374
52260,5373
52265,5373
52270,5373
52275,5373
52276,5373
52277,5374
52281,5373
52282,5374
52283,5373
52285,5372
52287,5373
52290,5373
52300,5374
52301,5374
52305,5375
52310,5373
52315,5373
52317,5374
52318,5374
52320,5374
52325,5375
52327,5375
52330,5374
52332,5374
52334,5374
52341,5374
52342,5374
52343,5373
52344,5374
52345,5374
52346,5375
52351,5374
52352,5374
52353,5375
52354,5375
52355,5375
52356,5375
52400,5374
52402,5374
52450,5374
52500,5374
52601,5375
52630,5375
52640,5374
52647,5375
52648,5375
52649,5375
52700,5374
53000,5373
53010,5375
53020,5373
53025,5373
53040,5373
53060,5373
53080,5372
53085,5373
53200,5373
53210,5374
53215,5375
53220,5374
53230,5375
53235,5375
53240,5374
53250,5374
53260,5373
53265,5373
53270,5373
53275,5373
53400,5375
53405,5375
53410,5375
53420,5375
53425,5375
53430,5375
53431,5375
53440,5376
53442,5375
53444,5377
53445,5377
53446,5375
53447,5377
53449,5375
53450,5374
53460,5374
53500,5374
53502,5374
53505,5375
53510,5375
53515,5375
53520,5375
53600,5371
53601,5734
53605,5373
53620,5372
53621,5371
53660,5721
53661,5734
53665,5373
53850,5374
53852,5374
53854,5373
53855,5373
53860,5373
53899,5371
54000,5374
54001,5373
54015,5072
54050,5052
54055,5054
54056,5051
54057,5054
54060,5054
54065,5054
54100,5072
54105,5073
54110,5374
54111,5375
54112,5376
54115,5073
54120,5374
54150,5373
54160,5372
54161,5373
54162,5373
54163,5373
54164,5373
54200,5371
54205,5375
54220,5371
54231,5371
54235,5371
54240,5721
54250,5371
54300,5374
54304,5374
54308,5375
54312,5374
54316,5375
54318,5374
54322,5374
54324,5374
54326,5373
54328,5374
54332,5374
54336,5374
54340,5374
54344,5375
54348,5375
54352,5375
54360,5374
54380,5373
54385,5373
54400,5377
54401,5377
54405,5377
54406,5374
54408,5375
54410,5377
54411,5377
54415,5374
54416,5377
54417,5377
54420,5373
54435,5374
54437,5374
54440,5374
54450,5371
54500,5073
54505,5374
54512,5374
54520,5374
54522,5374
54530,5341
54535,5374
54550,5341
54560,5373
54600,5374
54620,5374
54640,5341
54650,5341
54660,5375
54670,5373
54680,5374
54690,5361
54692,5361
54699,5361
54700,5373
54800,5072
54830,5373
54840,5373
54860,5373
54861,5374
54865,5374
54900,5373
54901,5374
55000,5071
55040,5341
55041,5341
55060,5374
55100,5072
55110,5374
55120,5373
55150,5374
55175,5374
55180,5375
55200,5374
55250,5373
55400,5374
55500,5374
55520,5374
55530,5374
55535,5341
55540,5341
55550,5361
55559,5361
55600,5373
55680,5374
55700,5373
55705,5373
55706,5374
55720,5373
55725,5374
55860,5375
55866,5362
55870,5413
55873,5376
55874,5375
55875,5375
55876,5613
55899,5371
55920,5415
55970,5415
55980,5374
56405,5412
56420,5411
56440,5414
56441,5414
56442,5414
56501,5054
56515,5054
56605,5413
56620,5414
56625,5414
56700,5414
56740,5414
56800,5414
56805,5414
56810,5414
56820,5411
56821,5412
57000,5414
57010,5414
57020,5415
57022,5073
57023,5073
57061,5414
57065,5414
57100,5413
57105,5414
57106,5414
57107,5414
57109,5414
57120,5415
57130,5414
57135,5414
57150,5733
57155,5415
57156,5412
57160,5411
57170,5411
57180,5411
57200,5414
57210,5414
57220,5415
57230,5414
57240,5415
57250,5415
57260,5415
57265,5415
57268,5415
57282,5416
57283,5416
57284,5415
57285,5416
57287,5414
57288,5415
57289,5416
57291,5415
57292,5415
57295,5414
57300,5414
57310,5416
57320,5415
57330,5416
57335,5415
57400,5414
57410,5414
57415,5414
57420,5412
57421,5413
57423,5362
57425,5362
57426,5416
57452,5411
57454,5412
57455,5412
57456,5412
57460,5414
57461,5414
57500,5413
57505,5413
57510,5414
57511,5412
57513,5414
57520,5414
57522,5414
57530,5415
57550,5415
57555,5415
57556,5415
57558,5414
57700,5414
57720,5414
57800,5414
58100,5411
58120,5414
58145,5414
58260,5415
58262,5415
58263,5415
58270,5415
58290,5416
58291,5415
58292,5416
58294,5415
58301,5412
58321,5412
58322,5411
58323,5411
58345,5414
58346,5415
58350,5415
58353,5415
58356,5415
58541,5361
58542,5362
58543,5362
58544,5362
58545,5361
58546,5362
58550,5361
58552,5362
58553,5362
58554,5362
58555,5414
58558,5414
58559,5415
58560,5415
58561,5415
58562,5414
58563,5415
58565,5415
58570,5362
58571,5362
58572,5362
58573,5362
58578,5361
58579,5411
58600,5414
58615,5414
58660,5361
58661,5361
58662,5361
58670,5361
58671,5361
58672,5361
58673,5361
58674,5362
58679,5361
58770,5414
58800,5414
58805,5414
58820,5414
58900,5414
58920,5416
58925,5415
58970,5413
58974,5413
58976,5412
58999,5411
59000,5413
59001,5412
59012,5412
59015,5413
59020,5411
59025,5411
59030,5412
59070,5412
59072,5412
59074,5412
59076,5412
59100,5415
59150,5361
59151,5361
59160,5414
59200,5412
59300,5414
59320,5414
59409,5414
59412,5414
59414,5414
59612,5414
59812,5414
59820,5414
59821,5414
59840,5414
59841,5414
59866,5412
59870,5414
59871,5414
59897,5411
59898,5361
59899,5411
60000,5163
60100,5071
60200,5361
60210,5361
60212,5361
60220,5361
60225,5361
60240,5361
60252,5165
60260,5165
60271,5165
60280,5361
60281,5361
60300,5071
60500,5165
60502,5165
60520,5165
60659,5361
60699,5361
61000,5442
61001,5442
61020,5443
61026,5442
61050,5441
61055,5441
61070,5442
61215,5432
61330,5164
61623,5193
61626,5193
61720,5432
61770,5432
61790,5431
61791,5431
61880,5461
61885,5463
61886,5464
61888,5462
62000,5164
62194,5431
62225,5432
62230,5432
62252,5743
62263,5443
62264,5443
62267,5071
62268,5443
62269,5072
62270,5442
62272,5442
62273,5442
62280,5443
62281,5443
62282,5443
62287,5431
62292,5431
62294,5443
62302,5573
62303,5573
62304,5573
62305,5573
62320,5442
62321,5442
62322,5442
62323,5442
62324,5443
62325,5443
62326,5443
62327,5443
62328,5442
62329,5442
62350,5432
62351,5114
62355,5431
62360,5471
62361,5471
62362,5471
62365,5432
62367,5743
62368,5743
62369,5743
62370,5743
62380,5114
63001,5114
63003,5114
63005,5114
63011,5114
63012,5114
63015,5114
63016,5114
63017,5114
63020,5114
63030,5114
63040,5114
63042,5114
63045,5114
63046,5114
63047,5114
63055,5114
63056,5114
63064,5114
63075,5114
63265,5114
63266,5114
63267,5114
63268,5114
63600,5431
63610,5431
63650,5462
63655,5463
63661,5431
63662,5461
63663,5462
63664,5463
63685,5464
63688,5461
63741,5432
63744,5432
63746,5431
64400,5441
64405,5441
64408,5441
64415,5443
64416,5443
64417,5443
64418,5442
64420,5442
64421,5443
64425,5442
64430,5443
64435,5442
64445,5442
64446,5443
64447,5442
64448,5443
64449,5443
64450,5442
64451,5442
64454,5442
64455,5441
64461,5442
64463,5442
64479,5443
64483,5443
64490,5443
64493,5443
64505,5441
64510,5443
64517,5443
64520,5443
64530,5443
64553,5462
64555,5462
64561,5462
64566,5441
64568,5464
64569,5462
64570,5432
64575,5463
64580,5463
64581,5462
64585,5461
64590,5463
64595,5461
64600,5443
64605,5431
64610,5431
64611,5441
64612,5441
64615,5441
64616,5441
64617,5441
64620,5443
64624,5431
64625,5431
64630,5443
64632,5441
64633,5431
64635,5431
64640,5443
64642,5442
64644,5442
64646,5442
64647,5442
64650,5441
64653,5441
64680,5443
64681,5443
64702,5431
64704,5431
64708,5431
64712,5431
64713,5431
64714,5431
64716,5431
64718,5431
64719,5431
64721,5431
64722,5431
64726,5431
64732,5431
64734,5431
64736,5431
64738,5431
64740,5431
64742,5431
64744,5431
64746,5431
64763,5431
64766,5431
64771,5431
64772,5431
64774,5431
64776,5431
64782,5431
64784,5431
64786,5432
64788,5431
64790,5431
64792,5432
64795,5431
64802,5431
64804,5431
64820,5431
64821,5113
64822,5113
64823,5113
64831,5431
64834,5432
64835,5432
64836,5432
64840,5432
64856,5432
64857,5432
64858,5431
64861,5431
64862,5432
64864,5432
64865,5432
64885,5432
64886,5432
64890,5432
64891,5432
64892,5432
64893,5432
64895,5432
64896,5432
64897,5432
64898,5432
64905,5432
64907,5432
64910,5432
64911,5432
64912,5432
64999,5441
65091,5504
65093,5504
65101,5504
65103,5504
65105,5504
65110,5504
65112,5504
65114,5504
65125,5503
65130,5504
65135,5504
65140,5504
65150,5504
65155,5504
65175,5504
65205,5734
65210,5735
65220,5735
65222,5734
65235,5491
65260,5491
65265,5491
65270,5503
65272,5503
65275,5504
65280,5492
65285,5492
65286,5491
65290,5504
65400,5502
65410,5503
65420,5503
65426,5503
65430,5735
65435,5502
65436,5503
65450,5501
65600,5503
65710,5492
65730,5492
65750,5492
65755,5492
65756,5492
65770,5493
65772,5502
65775,5503
65778,5502
65779,5504
65780,5504
65781,5492
65782,5504
65785,5492
65800,5491
65810,5491
65815,5491
65820,5492
65850,5491
65855,5481
65860,5481
65865,5491
65870,5491
65875,5491
65880,5492
65900,5491
65920,5491
65930,5491
66020,5491
66030,5491
66130,5503
66150,5492
66155,5492
66160,5491
66170,5491
66172,5491
66174,5492
66175,5492
66179,5492
66180,5492
66183,5492
66184,5491
66185,5491
66225,5492
66250,5503
66500,5491
66505,5491
66600,5492
66605,5491
66625,5491
66630,5491
66635,5491
66680,5491
66682,5491
66700,5491
66710,5503
66711,5491
66720,5503
66740,5503
66761,5481
66762,5481
66770,5481
66820,5491
66821,5481
66825,5491
66830,5491
66840,5491
66850,5491
66852,5492
66920,5491
66930,5492
66940,5491
66982,5491
66983,5491
66984,5491
66985,5491
66986,5491
66987,5492
66988,5492
66999,5491
67005,5491
67010,5491
67015,5491
67025,5491
67027,5494
67028,5694
67030,5491
67031,5481
67036,5492
67039,5492
67040,5492
67041,5492
67042,5492
67043,5492
67101,5491
67105,5481
67107,5492
67108,5492
67110,5491
67113,5492
67115,5492
67120,5491
67121,5491
67141,5501
67145,5481
67208,5501
67210,5481
67218,5504
67220,5481
67221,5481
67227,5504
67228,5481
67229,5481
67250,5503
67255,5491
67299,5491
67311,5503
67312,5504
67314,5503
67316,5503
67318,5503
67343,5503
67345,5501
67346,5504
67399,5501
67400,5504
67405,5503
67412,5503
67413,5503
67414,5504
67415,5503
67420,5504
67430,5504
67440,5504
67445,5504
67450,5504
67500,5501
67505,5501
67515,5501
67550,5504
67560,5504
67570,5504
67599,5501
67700,5501
67710,5502
67715,5503
67800,5501
67801,5502
67805,5501
67808,5503
67810,5501
67820,5734
67825,5501
67830,5502
67835,5503
67840,5502
67850,5502
67875,5502
67880,5503
67882,5503
67900,5503
67901,5503
67902,5504
67903,5503
67904,5503
67906,5504
67908,5503
67909,5503
67911,5503
67912,5503
67914,5503
67915,5503
67916,5503
67917,5503
67921,5503
67922,5503
67923,5503
67924,5503
67930,5503
67935,5503
67938,5501
67950,5503
67961,5503
67966,5503
67971,5503
67973,5503
67974,5504
67975,5503
67999,5501
68020,5502
68040,5501
68100,5503
68110,5503
68115,5503
68130,5503
68135,5503
68200,5734
68320,5503
68325,5504
68326,5504
68328,5503
68330,5491
68335,5504
68340,5503
68360,5504
68362,5503
68371,5503
68399,5501
68400,5502
68420,5503
68440,5501
68500,5504
68505,5504
68510,5503
68520,5504
68525,5503
68530,5501
68540,5503
68550,5504
68700,5503
68705,5501
68720,5504
68745,5504
68750,5504
68760,5501
68761,5501
68770,5503
68801,5735
68810,5501
68811,5503
68815,5503
68816,5503
68840,5501
68899,5501
69000,5071
69005,5072
69020,5071
69100,5161
69105,5163
69110,5073
69120,5165
69140,5165
69145,5073
69150,5165
69200,5734
69205,5072
69209,5733
69210,5733
69220,5051
69222,5162
69300,5164
69310,5165
69320,5165
69399,5161
69420,5161
69421,5164
69424,5164
69433,5162
69436,5163
69440,5164
69450,5164
69501,5165
69502,5165
69505,5165
69511,5165
69530,5165
69540,5163
69550,5165
69552,5165
69601,5165
69602,5165
69603,5165
69604,5165
69605,5165
69610,5163
69620,5164
69631,5165
69632,5165
69633,5165
69635,5165
69636,5165
69637,5165
69641,5165
69642,5165
69643,5165
69644,5165
69645,5165
69646,5165
69650,5164
69660,5165
69661,5165
69662,5165
69666,5164
69667,5164
69670,5165
69676,5164
69700,5163
69711,5164
69714,5115
69715,5116
69717,5114
69718,5115
69720,5165
69725,5165
69740,5165
69745,5165
69799,5161
69801,5163
69805,5165
69806,5165
69905,5165
69910,5165
69915,5164
69930,5166
69949,5161
69955,5165
69960,5165
69970,5165
69979,5161
70010,5572
70015,5573
70030,5521
70100,5521
70110,5522
70120,5522
70130,5522
70134,5524
70140,5521
70150,5522
70160,5521
70170,5523
70190,5521
70200,5522
70210,5521
70220,5521
70240,5521
70250,5522
70260,5522
70300,5521
70310,5523
70320,5523
70328,5521
70330,5521
70332,5523
70336,5523
70350,5521
70355,5521
70360,5521
70370,5521
70371,5523
70380,5521
70390,5523
70450,5522
70460,5571
70470,5571
70480,5522
70481,5571
70482,5571
70486,5522
70487,5571
70488,5571
70490,5522
70491,5571
70492,5571
70496,5571
70498,5571
70540,5523
70542,5572
70543,5572
70544,5523
70545,5572
70546,5572
70547,5523
70548,5572
70549,5572
70551,5523
70552,5572
70553,5572
70554,5523
70555,5523
70557,5524
70558,5571
70559,5571
71045,5521
71046,5521
71047,5521
71048,5522
71100,5521
71101,5522
71110,5522
71111,5522
71120,5521
71130,5521
71250,5522
71260,5571
71270,5571
71275,5571
71550,5523
71551,5573
71552,5572
72020,5521
72040,5521
72050,5522
72052,5522
72070,5522
72072,5522
72074,5522
72080,5521
72081,5521
72082,5522
72083,5522
72084,5522
72100,5522
72110,5522
72114,5522
72120,5522
72125,5522
72126,5572
72127,5571
72128,5522
72129,5571
72130,5571
72131,5522
72132,5572
72133,5571
72141,5523
72142,5572
72146,5523
72147,5572
72148,5523
72149,5572
72156,5572
72157,5572
72158,5572
72170,5522
72190,5522
72191,5571
72192,5522
72193,5571
72194,5571
72195,5523
72196,5572
72197,5572
72200,5522
72202,5522
72220,5521
72240,5573
72255,5573
72265,5573
72270,5573
72285,5431
72295,5431
73000,5521
73010,5522
73020,5521
73030,5521
73040,5572
73050,5521
73060,5521
73070,5521
73080,5521
73085,5572
73090,5521
73092,5522
73100,5521
73110,5521
73115,5572
73120,5522
73130,5521
73140,5521
73200,5522
73201,5572
73202,5571
73206,5571
73218,5523
73219,5572
73220,5572
73221,5523
73222,5573
73223,5572
73501,5521
73502,5521
73503,5522
73521,5522
73522,5522
73523,5522
73525,5572
73551,5521
73552,5521
73560,5521
73562,5521
73564,5522
73565,5521
73580,5572
73590,5521
73592,5521
73600,5521
73610,5521
73615,5572
73620,5521
73630,5521
73650,5521
73660,5521
73700,5522
73701,5571
73702,5571
73706,5571
73718,5523
73719,5572
73720,5572
73721,5523
73722,5573
73723,5572
74018,5521
74019,5522
74021,5522
74022,5522
74150,5522
74160,5571
74170,5571
74174,5572
74175,5571
74176,5523
74177,5572
74178,5572
74181,5523
74182,5572
74183,5572
74190,5524
74210,5571
74220,5571
74221,5571
74230,5571
74240,5571
74246,5571
74250,5571
74251,5571
74261,5522
74262,5571
74270,5571
74280,5571
74283,5571
74290,5571
74400,5571
74410,5571
74415,5571
74420,5572
74425,5572
74430,5572
74440,5523
74445,5522
74450,5523
74455,5523
74470,5524
74485,5373
74710,5521
74712,5523
74740,5523
74775,5523
75557,5523
75559,5524
75561,5572
75563,5573
75571,5521
75572,5571
75573,5571
75574,5571
75600,5183
75605,5184
75625,5183
75630,5183
75635,5571
75705,5184
75710,5183
75716,5183
75726,5184
75731,5182
75733,5183
75736,5184
75741,5183
75743,5183
75746,5182
75756,5183
75801,5181
75803,5182
75805,5182
75807,5183
75809,5522
75810,5182
75820,5181
75822,5182
75825,5183
75827,5181
75831,5183
75833,5183
75840,5183
75842,5184
75860,5183
75870,5182
75872,5181
75880,5181
75885,5183
75887,5182
75889,5183
75891,5183
75893,5184
75898,5182
76000,5523
76010,5521
76080,5524
76098,5524
76100,5522
76101,5522
76102,5522
76120,5522
76380,5521
76391,5523
76496,5521
76497,5521
76498,5521
76499,5521
76506,5522
76510,5734
76511,5522
76512,5522
76513,5522
76514,5731
76516,5522
76519,5522
76529,5521
76536,5522
76604,5522
76641,5522
76642,5521
76700,5522
76705,5522
76706,5522
76770,5522
76775,5522
76776,5522
76800,5522
76801,5522
76805,5522
76811,5523
76813,5522
76815,5522
76816,5522
76817,5522
76818,5522
76819,5522
76820,5522
76821,5522
76825,5524
76826,5523
76827,5522
76828,5522
76830,5522
76831,5523
76856,5522
76857,5522
76870,5522
76872,5522
76873,5522
76881,5522
76882,5522
76885,5521
76886,5521
76936,5722
76970,5522
76975,5523
76977,5522
76978,5571
76981,5522
76982,5522
76999,5521
77046,5523
77047,5523
77053,5523
77054,5523
77071,5521
77072,5522
77073,5522
77074,5522
77075,5522
77076,5522
77077,5522
77078,5521
77080,5522
77081,5521
77084,5523
77085,5522
77086,5521
77280,5611
77285,5612
77290,5612
77295,5613
77299,5611
77300,5611
77301,5613
77306,5612
77307,5612
77316,5612
77317,5612
77318,5612
77321,5612
77331,5611
77332,5611
77333,5611
77334,5612
77336,5611
77338,5612
77370,5611
77371,5627
77372,5627
77373,5626
77385,5623
77386,5623
77399,5611
77401,5621
77402,5621
77407,5622
77412,5622
77423,5623
77424,5627
77425,5627
77470,5623
77520,5623
77522,5625
77523,5625
77525,5625
77600,5622
77605,5624
77610,5623
77615,5623
77620,5623
77750,5622
77761,5623
77762,5623
77763,5624
77767,5622
77768,5622
77770,5624
77771,5624
77772,5624
77778,5624
77789,5621
77799,5621
78012,5591
78013,5591
78014,5591
78015,5591
78016,5591
78018,5592
78070,5591
78071,5591
78072,5592
78075,5593
78099,5591
78102,5591
78103,5591
78104,5591
78110,5593
78111,5593
78120,5591
78121,5592
78122,5592
78130,5591
78135,5591
78140,5591
78185,5591
78191,5591
78195,5592
78199,5591
78201,5593
78202,5593
78215,5591
78216,5591
78226,5591
78227,5592
78230,5591
78231,5591
78232,5591
78258,5591
78261,5591
78262,5591
78264,5591
78265,5591
78266,5592
78278,5591
78282,5591
78290,5591
78291,5591
78299,5591
78300,5591
78305,5591
78306,5591
78315,5591
78399,5591
78414,5592
78428,5591
78429,5594
78430,5594
78431,1522
78432,1523
78433,1523
78445,5591
78451,5593
78452,5593
78453,5593
78454,5593
78456,5593
78457,5593
78458,5591
78459,5593
78466,5591
78468,5592
78469,5593
78472,5591
78473,5591
78481,5592
78483,5592
78491,5594
78492,5594
78494,5591
78499,5591
78579,5591
78580,5591
78582,5592
78597,5591
78598,5592
78599,5591
78600,5591
78601,5591
78605,5592
78606,5592
78608,5594
78610,5592
78630,5592
78635,5592
78645,5592
78650,5593
78660,5591
78699,5591
78700,5591
78701,5591
78707,5592
78708,5592
78709,5592
78725,5591
78740,5591
78761,5591
78799,5591
78800,5591
78801,5591
78802,5593
78803,5593
78804,5593
78808,5591
78811,5593
78812,5594
78813,5594
78814,5594
78815,5594
78816,5594
78830,5593
78831,5593
78832,5594
78999,5591
79005,5661
79101,5661
79200,5661
79300,5661
79403,5661
79440,5661
79445,5661
79999,5661
80500,5671
80502,5671
85097,5674
86077,5731
86078,5672
86079,5671
86485,5731
86486,5731
86490,5733
86510,5733
86580,5731
86850,5671
86860,5672
86870,5673
86880,5732
86885,5672
86886,5672
86890,5672
86891,5674
86900,5734
86901,5732
86902,5673
86904,5732
86905,5673
86906,5732
86920,5672
86921,5672
86922,5672
86923,5672
86927,5672
86930,5673
86931,5673
86932,5732
86945,5732
86950,5672
86960,5672
86965,5672
86970,5732
86971,5673
86972,5672
86975,5734
86976,5731
86977,5672
86978,5732
86985,5672
86999,5731
88104,5732
88106,5731
88108,5732
88112,5671
88120,5672
88121,5673
88125,5671
88160,5731
88161,5731
88162,5671
88172,5672
88173,5671
88182,5671
88184,5673
88199,5671
88299,5671
88300,5731
88302,5731
88304,5671
88305,5671
88307,5673
88309,5674
88312,5671
88313,5732
88319,5674
88321,5732
88323,5671
88325,5671
88329,5732
88331,5672
88333,5674
88342,5672
88344,5673
88346,5673
88348,5674
88355,5672
88356,5671
88358,5672
88360,5672
88361,5673
88362,5674
88363,5731
88365,5672
88366,5673
88367,5673
88368,5673
88374,5672
88377,5672
88399,5671
89049,5672
89220,5672
89230,5671
89240,5671
89250,5672
89251,5672
89253,5672
89254,5672
89255,5671
89257,5671
89258,5674
89259,5672
89260,5671
89261,5671
89264,5671
89268,5672
89272,5674
89280,5674
89281,5672
89290,5672
89291,5672
89335,5671
89337,5672
89342,5672
89343,5672
89344,5672
89346,5673
89352,5672
89353,5671
89354,5672
89356,5672
89398,5671
90296,9315
90371,1630
90375,9133
90376,9134
90378,9003
90396,9135
90471,5692
90473,5692
90675,9139
90676,9140
90791,5823
90792,5823
90832,5823
90834,5823
90837,5823
90839,5823
90845,5823
90846,5823
90847,5823
90849,5823
90853,5822
90865,5823
90867,5722
90868,5721
90869,5721
90870,5723
90880,5822
90899,5821
90935,5401
90945,5024
91010,5723
91020,5723
91022,5723
91030,5723
91034,5723
91035,5723
91037,5722
91038,5723
91040,5723
91065,5721
91110,5301
91111,5301
91112,5301
91117,5371
91120,5721
91122,5371
91132,5721
91133,5734
91200,5721
91299,5721
92002,5012
92004,5012
92012,5012
92014,5012
92018,5503
92019,5503
92020,5734
92025,5733
92060,5733
92065,5733
92081,5733
92082,5733
92083,5734
92132,5733
92133,5733
92134,5733
92136,5734
92145,5732
92201,5733
92202,5733
92227,5732
92228,5732
92230,5723
92235,5722
92240,5722
92242,5722
92250,5734
92260,5732
92265,5733
92270,5734
92273,5722
92274,5721
92283,5733
92284,5735
92285,5733
92286,5734
92287,5734
92311,5735
92312,5734
92313,5734
92315,5734
92316,5733
92317,5732
92325,5734
92326,5733
92352,5733
92353,5733
92354,5732
92355,5732
92358,5733
92371,5733
92499,5731
92502,5162
92511,5151
92512,5722
92516,5721
92520,5734
92537,5721
92538,5721
92540,5721
92541,5734
92542,5734
92544,5721
92545,5721
92546,5721
92548,5734
92549,5734
92550,5721
92552,5734
92553,5721
92555,5732
92556,5732
92557,5721
92561,5734
92562,5721
92563,5732
92564,5731
92565,5732
92567,5732
92568,5732
92570,5721
92571,5732
92572,5721
92575,5732
92576,5732
92577,5723
92579,5721
92582,5721
92583,5732
92584,5721
92585,5722
92586,5721
92587,5722
92588,5722
92596,5732
92601,5721
92602,5721
92603,5721
92604,5721
92620,5721
92625,5721
92626,5721
92640,5721
92700,5731
92920,5192
92924,5193
92928,5193
92933,5194
92937,5193
92943,5193
92950,5722
92953,5781
92960,5781
92961,5781
92977,5694
92986,5192
92987,5193
92990,5193
92997,5193
93005,5733
93017,5722
93024,5735
93025,5721
93041,5733
93050,5731
93225,5734
93226,5734
93229,5721
93260,5741
93261,5741
93270,5741
93271,5742
93278,5733
93279,5741
93280,5741
93281,5741
93282,5741
93283,5741
93284,5741
93285,5741
93288,5741
93289,5741
93290,5741
93291,5731
93292,5741
93293,5741
93296,5741
93303,5524
93304,5524
93306,5524
93307,5523
93308,5523
93312,5524
93313,5524
93315,5524
93316,5524
93318,5524
93350,5524
93351,5524
93451,5191
93452,5191
93453,5191
93454,5191
93455,5191
93456,5191
93457,5191
93458,5191
93459,5191
93460,5191
93461,5191
93503,5182
93505,5183
93530,5191
93531,5191
93532,5191
93533,5191
93580,5194
93581,5194
93582,5194
93590,5194
93591,5194
93600,5212
93602,5212
93603,5211
93610,5212
93612,5212
93615,5211
93616,5211
93618,5211
93619,5212
93620,5212
93624,5212
93642,5211
93650,5212
93653,5213
93654,5213
93656,5213
93660,5723
93668,5733
93701,5734
93702,5721
93724,5743
93740,5721
93745,5743
93750,5742
93786,5734
93788,5734
93797,5771
93798,5771
93799,5721
93880,5523
93882,5522
93886,5523
93888,5522
93890,5523
93892,5522
93893,5522
93922,5734
93923,5721
93924,5721
93925,5523
93926,5522
93930,5523
93931,5522
93970,5523
93971,5522
93975,5523
93976,5522
93978,5523
93979,5522
93980,5522
93981,5522
93985,5523
93986,5522
93990,5522
93998,5731
94002,5801
94003,5801
94010,5721
94011,5721
94012,5722
94013,5723
94014,5735
94015,5722
94060,5722
94070,5722
94150,5721
94200,5733
94250,5733
94375,5722
94400,5721
94450,5721
94452,5734
94453,5734
94610,5791
94617,5734
94618,5734
94621,5722
94640,5791
94642,5791
94644,5734
94660,5791
94662,5801
94664,5791
94667,5734
94668,5734
94669,5791
94680,5721
94681,5722
94690,5732
94726,5722
94727,5721
94728,5722
94750,5721
94762,5721
94770,5721
94772,5723
94775,5721
94776,5721
94780,5732
94799,5721
95004,5724
95012,5732
95017,5731
95018,5732
95024,5733
95027,5731
95028,5732
95044,5724
95052,5732
95056,5734
95060,5734
95065,5732
95070,5723
95071,5722
95076,5723
95115,5691
95117,5691
95144,5691
95145,5691
95146,5691
95147,5692
95148,5692
95149,5692
95165,5691
95170,5691
95180,5735
95199,5731
95249,5733
95250,5012
95700,5722
95705,5722
95706,5722
95707,5722
95708,5723
95709,5723
95710,5723
95711,5722
95712,5722
95713,5723
95714,5723
95715,5723
95716,5724
95782,5724
95783,5724
95800,5721
95801,5734
95803,5733
95805,5723
95806,5721
95807,5723
95808,5724
95810,5724
95811,5724
95812,5722
95813,5722
95816,5722
95819,5722
95822,5722
95824,5723
95836,5741
95857,5722
95860,5734
95861,5734
95863,5721
95864,5721
95865,5734
95866,5721
95867,5721
95868,5721
95869,5721
95870,5733
95872,5721
95875,5721
95905,5734
95907,5721
95908,5722
95909,5722
95910,5722
95911,5723
95912,5723
95913,5723
95921,5721
95922,5734
95923,5734
95924,5721
95925,5722
95926,5722
95927,5721
95928,5724
95929,5723
95930,5721
95933,5733
95937,5721
95938,5723
95939,5724
95943,5721
95954,5723
95958,5724
95961,5724
95965,5724
95966,5724
95970,5734
95971,5742
95972,5742
95976,5741
95977,5742
95981,5734
95982,5741
95983,5742
95990,5694
95991,5441
95999,5721
96000,5723
96001,5724
96002,5721
96003,5722
96112,5721
96116,5722
96127,5732
96130,5721
96132,5721
96136,5731
96138,5731
96146,5731
96156,5822
96158,5822
96160,5821
96161,5821
96164,5821
96167,5821
96360,5693
96361,5691
96365,5693
96366,5691
96367,5692
96369,5693
96370,5691
96371,5692
96372,5692
96373,5693
96374,5693
96375,5691
96377,5691
96379,5691
96401,5692
96402,5692
96405,5692
96406,5693
96409,5693
96411,5692
96413,5694
96415,5692
96416,5694
96417,5692
96420,5694
96422,5693
96423,5691
96425,5694
96440,5694
96446,5694
96450,5694
96521,5693
96522,5693
96523,5733
96542,5693
96549,5691
96567,5051
96573,5051
96574,5051
96900,5732
96910,5733
96912,5733
96913,5052
96920,5051
96921,5051
96922,5052
96999,5051
97151,5821
97152,5821
97153,5821
97154,5821
97155,5821
97156,5821
97157,5821
97158,5821
97597,5051
97602,5051
97605,5051
97606,5052
97607,5052
97608,5052
97610,5051
98925,5811
98926,5811
98927,5811
98928,5811
98929,5811
98940,5811
98941,5811
98942,5811
99170,5411
99195,5734
99281,5021
99282,5022
99283,5023
99284,5024
99285,5025
99291,5041
99406,5821
99407,5821
99453,5012
99454,5741
99460,5012
99463,5012
99465,5781
99473,5731
99483,5822
99484,5821
99487,5822
99490,5822
99492,5822
99493,5822
99495,5012
99496,5012
99497,5822
0058T,5672
0071T,5414
0072T,5414
0100T,1908
0101T,5113
0102T,5113
0106T,5732
0107T,5732
0108T,5733
0109T,5732
0110T,5734
0126T,5731
0184T,5331
0191T,5492
0198T,5734
0200T,5114
0201T,5114
0207T,5733
0208T,5732
0209T,5732
0210T,5732
0211T,5732
0212T,5721
0213T,5443
0216T,5443
0221T,5114
0228T,5443
0230T,5443
0232T,5735
0234T,5193
0236T,5193
0237T,5193
0238T,5194
0253T,5492
0263T,5243
0264T,5243
0265T,5243
0266T,5464
0267T,5461
0268T,5464
0269T,5432
0270T,5461
0271T,5461
0272T,5721
0273T,5721
0274T,5114
0275T,5114
0278T,5721
0296T,5733
0297T,5734
0308T,5495
0312T,5464
0313T,5461
0314T,5461
0315T,5461
0316T,5464
0317T,5741
0330T,5732
0331T,5593
0332T,5593
0335T,5114
0338T,5192
0339T,5192
0342T,5243
0347T,5733
0348T,5522
0349T,5522
0350T,5521
0355T,5302
0356T,5692
0358T,5731
0362T,5821
0373T,5821
0379T,5732
0394T,5622
0395T,5624
0398T,1575
0402T,5503
0404T,5416
0408T,5231
0409T,5231
0410T,5222
0411T,5222
0412T,5221
0413T,5221
0414T,5231
0415T,5181
0416T,5054
0417T,5741
0418T,5741
0419T,5053
0420T,5053
0421T,5376
0422T,5521
0424T,5464
0425T,5462
0426T,5463
0427T,5464
0428T,5461
0429T,5461
0430T,5461
0431T,5464
0432T,5461
0433T,5461
0434T,5742
0435T,5742
0436T,5724
0440T,5431
0441T,5431
0442T,5432
0446T,5053
0447T,5051
0448T,5053
0449T,5492
0453T,5222
0454T,5222
0457T,5221
0458T,5221
0460T,5221
0462T,5743
0463T,5743
0464T,5721
0465T,5694
0467T,5461
0468T,5461
0472T,5743
0473T,5742
0476T,5734
0477T,5734
0479T,5052
0481T,5735
0485T,5732
0486T,5732
0487T,5734
0491T,5052
0497T,5741
0499T,5374
0503T,1511
0505T,5193
0506T,5733
0507T,5733
0508T,5522
0509T,5721
0510T,5113
0511T,5114
0512T,5052
0515T,5231
0516T,5222
0517T,5222
0518T,5221
0519T,5221
0520T,5231
0521T,5731
0522T,5741
0524T,5183
0525T,5223
0526T,5222
0527T,5222
0528T,5741
0529T,5741
0530T,5221
0531T,5221
0532T,5221
0534T,5741
0535T,5741
0540T,5694
0541T,5723
0548T,5376
0549T,5375
0550T,5374
0551T,5371
0555T,5731
0556T,5523
0558T,5521
0559T,5733
0561T,5733
0563T,5733
0564T,5671
0565T,5733
0566T,5441
0587T,5442
0588T,5441
0589T,5742
0590T,5742
A9513,9067
A9517,1064
A9527,2632
A9530,1150
A9543,1643
A9563,1675
A9586,9084
A9590,9339
A9600,701
A9604,1295
A9606,1745
C1716,2645
C1717,2646
C1719,2647
C1734,2026
C1823,2993
C1824,2024
C1839,2028
C1982,2025
C2596,2027
C2616,2616
C2634,2634
C2635,2635
C2636,2636
C2638,2638
C2639,2639
C2640,2640
C2641,2641
C2642,2642
C2643,2643
C2645,2648
C2698,2698
C2699,2699
C5271,5053
C5273,5054
C5275,5053
C5277,5053
C8900,5572
C8901,5523
C8902,5572
C8903,5571
C8905,5572
C8906,5572
C8908,5572
C8909,5572
C8910,5523
C8911,5572
C8912,5572
C8913,5523
C8914,5572
C8918,5572
C8919,5523
C8920,5572
C8921,5573
C8922,5573
C8923,5573
C8924,5572
C8925,5573
C8926,5573
C8927,5573
C8928,5573
C8929,5573
C8930,5573
C8931,5572
C8932,5523
C8933,5572
C8934,5572
C8935,5523
C8936,5572
C8957,5694
C9041,9198
C9046,9307
C9047,9199
C9054,9332
C9055,9333
C9132,9132
C9250,1848
C9257,1281
C9460,9460
C9462,9462
C9482,9482
C9488,9488
C9600,5193
C9602,5194
C9604,5193
C9607,5194
C9725,5311
C9727,5163
C9728,5613
C9733,5572
C9734,5115
C9739,5375
C9740,5376
C9745,5165
C9747,5375
C9749,5165
C9751,1571
C9752,5115
C9754,5194
C9755,5194
C9757,5115
C9758,1589
D0150,5871
D0240,5871
D0250,5871
D0251,5521
D0270,5871
D0272,5871
D0274,5871
D0277,5871
D0460,5871
D0600,5871
D1510,5871
D1516,5871
D1517,5871
D1520,5871
D1526,5871
D1527,5871
D1551,5871
D1552,5871
D1553,5871
D1575,5871
D2999,5871
D3460,5871
D3999,5871
D4260,5871
D4263,5871
D4264,5871
D4268,5871
D4270,5871
D4273,5871
D4355,5871
D4381,5871
D5911,5871
D5912,5871
D5983,5871
D5984,5871
D5985,5871
D5987,5871
D6920,5871
D7111,5871
D7140,5871
D7210,5871
D7220,5871
D7230,5871
D7240,5871
D7241,5871
D7250,5871
D7260,5871
D7261,5871
D7291,5871
D7940,5871
D9930,5871
D9944,5871
D9945,5871
D9946,5871
D9950,5871
D9951,5871
D9952,5871
G0008,5691
G0009,5691
G0010,5691
G0101,5822
G0104,5311
G0105,5311
G0106,5571
G0117,5731
G0118,5732
G0120,5572
G0121,5311
G0127,5733
G0130,5522
G0166,5734
G0175,5024
G0186,5481
G0237,5731
G0238,5731
G0239,5732
G0245,5012
G0246,5012
G0247,5051
G0248,5012
G0249,5012
G0257,5401
G0260,5442
G0276,5114
G0277,5061
G0293,5732
G0294,5732
G0296,5822
G0297,5521
G0302,5723
G0303,5721
G0304,5723
G0305,5723
G0379,5025
G0380,5031
G0381,5032
G0382,5033
G0383,5034
G0384,5035
G0390,5045
G0396,5821
G0397,5822
G0398,5721
G0399,5721
G0400,5721
G0402,5012
G0404,5731
G0413,5114
G0416,5673
G0422,5771
G0423,5771
G0424,5733
G0429,5054
G0442,5821
G0443,5822
G0444,5821
G0445,5822
G0446,5821
G0447,5822
G0451,5822
G0455,5301
G0460,5054
G0463,5012
G0473,5821
G0498,5694
G0516,5735
G0517,5735
G0518,5735
G2000,5723
G2011,5731
G2065,5822
G2066,5741
G2082,1508
G2083,1511
G2086,5823
G2087,5823
J0121,9311
J0122,9325
J0129,9230
J0135,1083
J0178,1420
J0179,9340
J0180,9208
J0185,9463
J0202,1809
J0207,7000
J0220,9234
J0221,1413
J0222,9180
J0256,901
J0257,1415
J0287,9024
J0289,736
J0291,9183
J0300,1341
J0401,1468
J0475,9032
J0480,1683
J0485,9286
J0490,1353
J0517,9466
J0558,9088
J0561,1829
J0565,9490
J0567,9014
J0570,9058
J0584,9187
J0585,902
J0586,1289
J0587,9018
J0588,9278
J0593,9326
J0594,1178
J0596,9445
J0597,9269
J0598,9251
J0599,9015
J0600,1274
J0606,9031
J0630,1433
J0638,1311
J0641,1236
J0642,9334
J0695,9452
J0712,1824
J0714,1825
J0716,1431
J0717,1474
J0740,9033
J0775,1340
J0795,1684
J0800,9316
J0840,9274
J0841,9188
J0850,903
J0875,1823
J0878,9124
J0881,1685
J0882,1482
J0883,1859
J0884,9065
J0885,1686
J0894,9231
J0897,9272
J1095,9172
J1096,9308
J1097,9324
J1162,1687
J1190,726
J1212,1832
J1267,9317
J1290,9263
J1300,9236
J1301,9493
J1303,9312
J1322,1480
J1327,1607
J1410,9038
J1428,9484
J1430,1688
J1438,1608
J1439,9441
J1442,1469
J1447,1748
J1451,1689
J1453,9242
J1454,9099
J1455,1849
J1458,9224
J1459,1214
J1460,1850
J1555,9034
J1557,9270
J1559,1312
J1560,1851
J1561,948
J1566,2731
J1568,943
J1569,944
J1571,946
J1572,947
J1573,1138
J1575,1826
J1595,1015
J1602,1475
J1610,9042
J1627,9486
J1628,9029
J1640,1690
J1670,1670
J1726,9074
J1729,9318
J1740,9229
J1742,9044
J1743,9232
J1744,1443
J1745,7043
J1746,9189
J1750,1237
J1786,1327
J1826,1852
J1830,910
J1833,9456
J1930,9237
J1931,9209
J1943,9179
J1944,9470
J1950,800
J2182,9473
J2186,9178
J2265,1853
J2278,1694
J2315,759
J2323,9126
J2325,1695
J2326,9489
J2350,9494
J2353,1207
J2355,7011
J2357,9300
J2407,1660
J2425,1696
J2426,9255
J2502,9454
J2504,1739
J2505,9119
J2507,9281
J2515,1854
J2547,9451
J2562,9252
J2597,1440
J2724,1139
J2760,1458
J2770,2770
J2778,9233
J2783,738
J2786,9481
J2792,1609
J2794,9125
J2796,9245
J2797,9464
J2798,9181
J2820,731
J2840,9478
J2850,1700
J2860,9455
J2941,9319
J2997,7048
J3031,9197
J3060,9294
J3090,1662
J3095,9258
J3101,9002
J3111,9327
J3145,9078
J3240,9108
J3243,9228
J3245,9306
J3246,7041
J3262,9264
J3285,1701
J3304,9469
J3315,9122
J3316,9016
J3357,9261
J3358,9487
J3380,1489
J3385,9271
J3396,1203
J3397,9190
J3398,9070
J7170,9257
J7175,1857
J7177,9191
J7178,1478
J7179,9059
J7180,1416
J7181,1746
J7182,1856
J7183,1352
J7185,1268
J7186,1213
J7187,1704
J7188,1827
J7189,1705
J7190,925
J7192,927
J7193,931
J7194,928
J7195,932
J7196,9177
J7197,1263
J7198,929
J7200,1467
J7201,1486
J7202,9171
J7203,9468
J7205,1656
J7207,1844
J7208,9299
J7209,1846
J7210,9043
J7308,7308
J7311,9225
J7312,9256
J7313,9450
J7314,9328
J7316,9298
J7318,9174
J7320,9079
J7322,9471
J7323,875
J7324,877
J7325,874
J7326,1417
J7327,1747
J7328,1862
J7329,9196
J7331,9337
J7332,9338
J7336,9071
J7340,9320
J7342,9479
J7345,9301
J7501,887
J7504,890
J7511,9104
J7525,9006
J8510,9335
J8560,802
J8655,9448
J8670,1761
J9015,807
J9017,9012
J9019,9289
J9022,9483
J9023,9491
J9025,1709
J9027,1710
J9030,9322
J9032,1658
J9033,9243
J9034,1861
J9035,9214
J9036,9313
J9039,9449
J9041,9207
J9042,9287
J9043,9276
J9044,9192
J9047,9295
J9050,812
J9055,9215
J9057,9030
J9065,858
J9070,1408
J9098,1166
J9119,9304
J9120,752
J9145,9476
J9150,820
J9153,9302
J9155,1296
J9171,823
J9173,9492
J9176,9477
J9179,1426
J9202,810
J9203,9495
J9204,9182
J9205,9474
J9207,9240
J9210,9310
J9213,9092
J9214,836
J9217,9217
J9225,1711
J9226,1142
J9228,9284
J9229,9028
J9230,751
J9245,840
J9261,825
J9262,9297
J9264,1712
J9266,843
J9268,844
J9269,9309
J9271,1490
J9280,1232
J9285,9485
J9293,864
J9295,9475
J9299,9453
J9301,1476
J9302,9260
J9303,9235
J9305,9213
J9306,1471
J9307,9259
J9308,1488
J9309,9331
J9311,9467
J9312,9186
J9313,9305
J9315,9265
J9320,850
J9325,9472
J9328,9253
J9330,1168
J9340,851
J9352,9480
J9354,9131
J9355,1613
J9356,9314
J9357,1235
J9371,1466
J9395,9120
J9400,9296
J9600,856
P9010,9510
P9011,9520
P9012,9511
P9016,9512
P9017,9508
P9019,9515
P9020,9516
P9021,9517
P9022,9518
P9023,9509
P9031,9526
P9032,9500
P9033,9521
P9034,9507
P9035,9501
P9036,9502
P9037,9530
P9038,9505
P9039,9504
P9040,9522
P9041,961
P9043,9514
P9044,9523
P9045,963
P9046,964
P9047,965
P9048,9519
P9051,9524
P9052,9525
P9053,9531
P9054,9527
P9055,9528
P9056,9529
P9057,9532
P9058,9533
P9059,9513
P9060,9503
P9070,9534
P9071,9535
P9073,9536
P9100,1494
Q0035,5732
Q0091,5731
Q0138,1297
Q0139,1485
Q2009,9321
Q2017,7035
Q2026,9094
Q2028,9095
Q2041,9035
Q2042,9194
Q2043,9273
Q2049,1421
Q2050,7046
Q3027,1472
Q4195,9175
Q4196,9176
Q5101,1822
Q5103,1847
Q5104,9036
Q5105,9096
Q5106,9097
Q5107,9329
Q5108,9173
Q5110,9193
Q5111,9195
Q5114,9341
Q5115,9336
Q5117,9330
Q9950,9085
Q9968,1446
Q9969,1442
Q9991,9073
Q9992,9239
